Altium Designer Pick and Place Locations
C:\Users\Kai Zheng\Documents\Pi-Radio\01_hardware\01_Design\04_pi_splitter\01_Schematic\pi_splitter\Project Outputs for pi_splitter\Pick Place for splitter.csv

========================================================================================================================
File Design Information:

Date:       27/08/19
Time:       15:09
Revision:   Not in VersionControl
Variant:    No variations
Units used: mil

"Designator","Comment","Layer","Footprint","Center-X(mil)","Center-Y(mil)","Rotation","Description"
"J1","SMA-J-P-H-ST-EM1","TopLayer","*SMA-J-P-H-ST-EM1_SMA-J-P-H-ST-EM1(Primary)","1093.937","1500.000","270","Connector SMA F 50Ohm Solder ST Edge Mount Gold Over Nickel Tray"
"U1","PDW06089","TopLayer","*CONV_PDW06089_PDW06089(PRIMARY)","1500.000","1500.000","0","6-18ghz 4-Way Wilkinson Pwr Di"
"J5","SMA-J-P-H-ST-EM1","TopLayer","*SMA-J-P-H-ST-EM1_SMA-J-P-H-ST-EM1(Primary)","1550.000","1088.937","360","Connector SMA F 50Ohm Solder ST Edge Mount Gold Over Nickel Tray"
"J4","SMA-J-P-H-ST-EM1","TopLayer","*SMA-J-P-H-ST-EM1_SMA-J-P-H-ST-EM1(Primary)","1906.063","1300.000","90","Connector SMA F 50Ohm Solder ST Edge Mount Gold Over Nickel Tray"
"J3","SMA-J-P-H-ST-EM1","TopLayer","*SMA-J-P-H-ST-EM1_SMA-J-P-H-ST-EM1(Primary)","1906.063","1700.000","90","Connector SMA F 50Ohm Solder ST Edge Mount Gold Over Nickel Tray"
"J2","SMA-J-P-H-ST-EM1","TopLayer","*SMA-J-P-H-ST-EM1_SMA-J-P-H-ST-EM1(Primary)","1550.000","1906.063","180","Connector SMA F 50Ohm Solder ST Edge Mount Gold Over Nickel Tray"
